{"cameraMode":{"drawMode":0,"name":"Shaded","section":"Shading Mode"},"sceneLighting":false,"audioPlay":false,"sceneViewState":{"m_AlwaysRefresh":false,"showFog":true,"showSkybox":true,"showFlares":true,"showImageEffects":true,"showParticleSystems":true,"showVisualEffectGraphs":true,"m_FxEnabled":true},"in2DMode":false,"pivot":{"x":0.059999942779541019,"y":0.9749999046325684,"z":-1.957662582397461},"rotation":{"x":0.17252591252326966,"y":-0.007387924008071423,"z":0.0012942678295075894,"w":0.9849783778190613},"size":12.12435531616211,"orthographic":true}